teta;Cya;Cxa
5;0.7423;0.01071
6;0.832;0.01155
7;0.9234;0.0124
8;1.0163;0.01329
9;1.1099;0.01439
10;1.2021;0.01576
11;1.2872;0.01769
12;1.36;0.02034
13;1.4054;0.02399
14;1.4279;0.02964
15;1.4242;0.04001
16;1.373;0.06022
17;1.3028;0.08512
